Time,Occupancy
125.73668546365916,0
314.3417136591479,0
502.9467418546366,0
691.5517700501254,0
880.156798245614,0
1068.7618264411028,0
1257.3668546365916,0
1445.9718828320804,0
1634.576911027569,0
1823.1819392230577,0
2011.7869674185465,0
2200.3919956140353,0
2388.997023809524,0
2577.602052005013,0
2766.2070802005014,0
2954.81210839599,0
3143.417136591479,0
3332.0221647869676,0
3520.627192982456,0
3709.232221177945,0
3897.8372493734337,1
4086.4422775689227,1
4275.047305764411,1
4463.6523339599,1
4652.257362155388,1
4840.862390350878,1
5029.467418546366,1
5218.072446741855,0
5406.6774749373435,0
5595.282503132832,0
5783.8875313283215,1
5972.49255952381,0
6161.097587719299,0
6349.702615914787,0
6538.307644110276,1
6726.912672305765,1
6915.517700501254,1
7104.122728696742,0
7292.727756892231,0
7481.3327850877195,0
7669.937813283208,0
7858.5428414786975,0
8047.147869674186,0
8235.752897869676,0
8424.357926065164,0
8612.962954260653,0
8801.567982456141,0
8990.17301065163,0
9178.778038847118,0
9367.383067042607,0
9555.988095238095,0
9744.593123433584,0
9933.198151629073,0
10121.803179824561,0
10310.408208020051,0
10499.01323621554,0
10687.618264411029,0
10876.223292606517,0
11064.828320802006,0
11253.433348997494,0
11442.038377192983,0
11630.643405388471,0
11819.24843358396,0
12007.853461779448,0
12196.458489974939,0
12385.063518170427,0
12573.668546365916,0
12762.273574561405,0
12950.878602756893,0
13139.483630952382,0
13328.08865914787,0
13516.693687343359,0
13705.298715538847,0
13893.903743734336,0
14082.508771929824,0
14271.113800125315,0
14459.718828320803,0
14648.323856516292,0
14836.92888471178,0
15025.533912907269,0
15214.138941102758,0
15402.743969298246,0
15591.348997493735,0
15779.954025689223,0
15968.559053884712,0
16157.164082080202,0
16345.76911027569,0
16534.37413847118,0
16722.979166666668,0
16911.584194862156,0
17100.189223057645,0
17288.794251253134,0
17477.399279448622,0
17666.00430764411,0
17854.6093358396,0
18043.214364035088,0
18231.819392230576,0
18420.424420426065,0
18609.029448621553,0
18797.634476817042,0
18986.23950501253,0
19174.844533208023,0
19363.44956140351,0
19552.054589599,0
19740.65961779449,0
19929.264645989977,0
20117.869674185466,0
20306.474702380954,0
20495.079730576443,0
20683.68475877193,0
20872.28978696742,0
21060.89481516291,0
21249.499843358397,0
21438.104871553885,0
21626.709899749374,0
21815.314927944863,0
22003.91995614035,0
22192.52498433584,0
22381.13001253133,0
22569.735040726817,0
22758.340068922305,0
22946.945097117794,0
23135.550125313286,0
23324.155153508775,0
23512.760181704263,0
23701.36520989975,0
23889.97023809524,0
24078.57526629073,0
24267.180294486217,0
24455.785322681706,0
24644.390350877195,0
24832.995379072683,0
25021.60040726817,0
25210.20543546366,0
25398.81046365915,0
25587.415491854637,0
25776.020520050126,0
25964.625548245614,0
26153.230576441103,0
26341.83560463659,0
26530.44063283208,1
26719.04566102757,0
26907.65068922306,0
27096.25571741855,1
27284.860745614038,0
27473.465773809527,0
27662.070802005015,0
27850.675830200504,0
28039.280858395992,0
28227.88588659148,0
28416.49091478697,0
28605.095942982458,0
28793.700971177946,0
28982.305999373435,0
29170.911027568924,0
29359.516055764412,0
29548.1210839599,0
29736.72611215539,0
29925.331140350878,1
30113.936168546366,1
30302.541196741855,1
30491.146224937344,1
30679.751253132832,1
30868.356281328324,1
31056.961309523813,1
31245.5663377193,1
31434.17136591479,1
31622.77639411028,1
31811.381422305767,1
31999.986450501256,1
32188.591478696744,1
32377.196506892233,1
32565.80153508772,1
32754.40656328321,1
32943.0115914787,1
33131.61661967419,1
33320.22164786968,1
33508.82667606517,1
33697.431704260656,1
33886.036732456145,1
34074.64176065163,1
34263.24678884712,1
34451.85181704261,1
34640.4568452381,0
34829.06187343359,0
35017.666901629076,0
35206.271929824565,0
35394.87695802005,0
35583.48198621554,0
35772.08701441103,0
35960.69204260652,0
36149.29707080201,0
36337.902098997496,0
36526.507127192985,0
36715.11215538847,0
36903.71718358396,0
37092.32221177945,0
37280.92723997494,0
37469.53226817043,0
37658.137296365916,0
37846.742324561405,0
38035.34735275689,0
38223.95238095238,0
38412.55740914787,0
38601.16243734336,0
38789.76746553885,0
38978.372493734336,0
39166.977521929824,0
39355.58255012531,0
39544.1875783208,0
39732.79260651629,0
39921.39763471178,0
40110.00266290727,0
40298.607691102756,0
40487.212719298244,0
40675.81774749374,0
40864.42277568923,0
41053.02780388472,0
41241.632832080206,0
41430.237860275694,0
41618.84288847118,0
41807.44791666667,0
41996.05294486216,0
42184.65797305765,0
42373.26300125314,0
42561.868029448626,0
42750.473057644114,0
42939.0780858396,0
43127.68311403509,0
43316.28814223058,0
43504.89317042607,0
43693.49819862156,0
43882.103226817046,0
44070.708255012534,0
44259.31328320802,0
44447.91831140351,0
44636.523339599,0
44825.12836779449,0
45013.73339598998,0
45202.338424185466,0
45390.943452380954,0
45579.54848057644,0
45768.15350877193,0
45956.75853696742,0
46145.36356516291,0
46333.9685933584,0
46522.573621553885,0
46711.178649749374,0
46899.78367794486,0
47088.38870614035,0
47276.99373433584,0
47465.59876253133,0
47654.20379072682,0
47842.808818922305,0
48031.413847117794,0
48220.01887531328,0
48408.62390350877,0
48597.22893170427,0
48785.833959899755,0
48974.438988095244,0
49163.04401629073,0
49351.64904448622,0
49540.25407268171,0
49728.8591008772,0
49917.46412907269,0
50106.069157268175,0
50294.674185463664,0
50483.27921365915,0
50671.88424185464,0
50860.48927005013,0
51049.09429824562,0
51237.69932644111,0
51426.304354636595,0
51614.909382832084,0
51803.51441102757,0
51992.11943922306,0
52180.72446741855,0
52369.32949561404,0
52557.93452380953,0
52746.539552005015,0
52935.144580200504,0
53123.74960839599,0
53312.35463659148,0
53500.95966478697,0
53689.56469298246,0
53878.16972117795,0
54066.774749373435,0
54255.37977756892,0
54443.98480576441,0
54632.5898339599,0
54821.19486215539,0
55009.79989035088,0
55198.40491854637,0
55387.009946741855,0
55575.61497493734,0
55764.22000313283,0
55952.82503132832,0
56141.43005952381,0
56330.0350877193,1
56518.64011591479,2
56707.24514411028,1
56895.85017230577,1
57084.45520050126,1
57273.06022869675,1
57461.665256892236,1
57650.270285087725,1
57838.87531328321,1
58027.4803414787,1
58216.08536967419,1
58404.69039786968,1
58593.29542606517,1
58781.900454260656,1
58970.505482456145,1
59159.11051065163,1
59347.71553884712,1
59536.32056704261,2
59724.9255952381,4
59913.53062343359,3
60102.135651629076,2
60290.740679824565,2
60479.34570802005,2
60667.95073621554,1
60856.55576441103,1
61045.16079260652,1
61233.76582080201,1
61422.370848997496,1
61610.975877192985,1
61799.58090538847,1
61988.18593358396,1
62176.79096177945,1
62365.39598997494,1
62554.00101817043,1
62742.606046365916,1
62931.211074561405,1
63119.81610275689,1
63308.42113095238,1
63497.02615914787,1
63685.63118734336,1
63874.23621553885,1
64062.841243734336,1
64251.446271929824,1
64440.05130012532,1
64628.65632832081,1
64817.2613565163,1
65005.866384711786,1
65194.471412907274,1
65383.07644110276,1
65571.68146929824,1
65760.28649749374,1
65948.89152568922,1
66137.49655388472,1
66326.1015820802,1
66514.7066102757,1
66703.31163847118,1
66891.91666666667,1
67080.52169486215,1
67269.12672305765,1
67457.73175125313,1
67646.33677944863,1
67834.9418076441,1
68023.5468358396,1
68212.15186403508,1
68400.75689223058,1
68589.36192042608,1
68777.96694862156,1
68966.57197681705,1
69155.17700501253,1
69343.78203320803,1
69532.38706140351,1
69720.992089599,1
69909.59711779449,1
70098.20214598998,1
70286.80717418547,1
70475.41220238096,1
70664.01723057644,1
70852.62225877194,1
71041.22728696742,1
71229.83231516292,1
71418.4373433584,1
71607.0423715539,1
71795.64739974937,1
71984.25242794487,1
72172.85745614035,1
72361.46248433585,1
72550.06751253133,1
72738.67254072682,1
72927.2775689223,1
73115.8825971178,1
73304.48762531328,1
73493.09265350878,1
73681.69768170426,1
73870.30270989976,1
74058.90773809524,1
74247.51276629073,1
74436.11779448621,1
74624.72282268171,1
74813.32785087719,1
75001.93287907269,1
75190.53790726817,1
75379.14293546366,1
75567.74796365915,1
75756.35299185464,1
75944.95802005012,1
76133.56304824562,1
76322.16807644111,1
76510.7731046366,1
76699.37813283209,1
76887.98316102757,1
77076.58818922307,1
77265.19321741855,1
77453.79824561405,1
77642.40327380953,1
77831.00830200502,1
78019.6133302005,1
78208.218358396,1
78396.82338659148,1
78585.42841478698,1
78774.03344298246,1
78962.63847117795,1
79151.24349937344,1
79339.84852756893,1
79528.45355576441,1
79717.05858395991,1
79905.66361215539,1
80094.26864035089,1
80282.87366854637,1
80471.47869674186,1
80660.08372493734,1
80848.68875313284,1
81037.29378132832,1
81225.89880952382,1
81414.5038377193,1
81603.1088659148,1
81791.71389411027,1
81980.31892230577,1
82168.92395050125,1
82357.52897869675,1
82546.13400689223,1
82734.73903508772,1
82923.3440632832,1
83111.9490914787,1
83300.55411967418,1
83489.15914786968,1
83677.76417606516,1
83866.36920426066,1
84054.97423245615,1
84243.57926065163,1
84432.18428884713,1
84620.78931704261,1
84809.3943452381,1
84997.99937343359,1
85186.60440162908,1
85375.20942982456,1
85563.81445802006,1
85752.41948621554,1
85941.02451441104,1
86129.62954260652,1
86318.23457080201,1
86506.8395989975,1
86695.44462719299,1
86884.04965538847,1
87072.65468358397,1
87261.25971177945,1
87449.86473997495,1
87638.46976817043,1
87827.07479636592,1
88015.6798245614,1
88204.2848527569,1
88392.88988095238,1
88581.49490914788,1
88770.09993734336,1
88958.70496553885,1
89147.30999373434,0
89335.91502192983,1
89524.52005012531,1
89713.12507832081,1
89901.73010651629,1
90090.33513471179,1
90278.94016290727,1
90467.54519110276,1
90656.15021929824,1
90844.75524749374,1
91033.36027568922,1
91221.96530388472,0
91410.5703320802,0
91599.1753602757,0
91787.78038847118,0
91976.38541666667,0
92164.99044486217,0
92353.59547305765,1
92542.20050125314,1
92730.80552944863,0
92919.41055764412,0
93108.0155858396,0
93296.6206140351,0
93485.22564223058,0
93673.83067042608,1
93862.43569862156,0
94051.04072681705,0
94239.64575501253,0
94428.25078320803,1
94616.85581140351,1
94805.460839599,1
94994.06586779449,1
95182.67089598998,1
95371.27592418547,1
95559.88095238096,0
95748.48598057644,0
95937.09100877194,0
96125.69603696742,0
96314.30106516292,1
96502.9060933584,1
96691.5111215539,1
96880.11614974937,1
97068.72117794487,1
97257.32620614035,1
97445.93123433585,1
97634.53626253133,1
97823.14129072682,1
98011.7463189223,1
98200.3513471178,1
98388.95637531328,1
98577.56140350878,1
98766.16643170426,1
98954.77145989976,1
99143.37648809524,0
99331.98151629073,0
99520.58654448621,0
99709.19157268171,0
99897.7966008772,1
100086.40162907269,1
100275.00665726818,1
100463.61168546366,1
100652.21671365916,1
100840.82174185464,1
101029.42677005014,1
101218.03179824562,1
101406.63682644111,1
101595.2418546366,1
101783.84688283209,1
101972.45191102757,1
102161.05693922307,1
102349.66196741855,1
102538.26699561405,1
102726.87202380953,1
102915.47705200502,1
103104.0820802005,1
103292.687108396,1
103481.29213659148,1
103669.89716478698,1
103858.50219298246,1
104047.10722117795,1
104235.71224937344,1
104424.31727756893,1
104612.92230576441,1
104801.52733395991,1
104990.13236215539,1
105178.73739035089,1
105367.34241854637,1
105555.94744674186,1
105744.55247493734,1
105933.15750313284,1
106121.76253132832,1
106310.36755952382,1
106498.9725877193,1
106687.5776159148,1
106876.18264411027,1
107064.78767230577,1
107253.39270050125,1
107441.99772869675,1
107630.60275689224,1
107819.20778508772,1
108007.81281328322,1
108196.4178414787,1
108385.0228696742,1
108573.62789786968,1
108762.23292606517,1
108950.83795426066,1
109139.44298245615,1
109328.04801065163,1
109516.65303884713,1
109705.25806704261,1
109893.8630952381,1
110082.46812343359,1
110271.07315162908,1
110459.67817982456,1
110648.28320802006,1
110836.88823621554,1
111025.49326441104,1
111214.09829260652,1
111402.70332080201,1
111591.3083489975,1
111779.91337719299,1
111968.51840538847,1
112157.12343358397,1
112345.72846177945,1
112534.33348997495,1
112722.93851817043,1
112911.54354636592,1
113100.1485745614,1
113288.7536027569,1
113477.35863095238,1
113665.96365914788,1
113854.56868734336,1
114043.17371553885,1
114231.77874373434,1
114420.38377192983,1
114608.98880012531,1
114797.59382832081,1
114986.19885651629,1
115174.80388471179,1
115363.40891290727,1
115552.01394110276,1
115740.61896929826,1
115929.22399749374,1
116117.82902568924,1
116306.43405388472,1
116495.03908208021,1
116683.6441102757,1
116872.24913847119,1
117060.85416666667,2
117249.45919486217,1
117438.06422305765,1
117626.66925125314,1
117815.27427944863,1
118003.87930764412,1
118192.4843358396,1
118381.0893640351,1
118569.69439223058,1
118758.29942042608,1
118946.90444862156,1
119135.50947681705,1
119324.11450501253,1
119512.71953320803,1
119701.32456140351,1
119889.929589599,2
120078.53461779449,1
120267.13964598998,1
120455.74467418547,1
120644.34970238096,1
120832.95473057644,1
121021.55975877194,1
121210.16478696742,1
121398.76981516292,1
121587.3748433584,1
121775.9798715539,1
121964.58489974937,1
122153.18992794487,1
122341.79495614035,1
122530.39998433585,1
122719.00501253133,1
122907.61004072682,1
123096.2150689223,1
123284.8200971178,1
123473.4251253133,1
123662.03015350878,1
123850.63518170427,1
124039.24020989976,1
124227.84523809525,1
124416.45026629073,1
124605.05529448623,1
124793.66032268171,1
124982.2653508772,1
125170.87037907269,1
125359.47540726818,1
125548.08043546366,1
125736.68546365916,1
125925.29049185464,1
126113.89552005014,1
126302.50054824562,1
126491.10557644111,1
126679.7106046366,1
126868.31563283209,1
127056.92066102757,1
127245.52568922307,1
127434.13071741855,1
127622.73574561405,1
127811.34077380953,1
127999.94580200502,1
128188.5508302005,1
128377.155858396,1
128565.76088659148,1
128754.36591478698,1
128942.97094298246,1
129131.57597117795,1
129320.18099937344,1
129508.78602756893,1
129697.39105576441,1
129885.99608395991,1
130074.60111215539,1
130263.20614035089,1
130451.81116854637,1
130640.41619674186,1
130829.02122493734,1
131017.62625313284,1
131206.23128132834,1
131394.83630952382,1
131583.4413377193,1
131772.0463659148,1
131960.6513941103,1
132149.25642230577,1
132337.86145050125,1
132526.46647869676,1
132715.07150689224,1
132903.67653508772,1
133092.2815632832,1
133280.88659147872,1
133469.4916196742,1
133658.09664786968,1
133846.70167606516,1
134035.30670426067,1
134223.91173245615,1
134412.51676065163,1
134601.12178884711,1
134789.72681704263,1
134978.3318452381,1
135166.9368734336,1
135355.54190162907,1
135544.14692982458,1
135732.75195802006,1
135921.35698621554,1
136109.96201441102,1
136298.56704260653,1
136487.17207080201,1
136675.7770989975,1
136864.38212719298,1
137052.9871553885,1
137241.59218358397,1
137430.19721177945,1
137618.80223997493,1
137807.40726817044,1
137996.01229636592,1
138184.6173245614,1
138373.2223527569,1
138561.8273809524,1
138750.43240914788,1
138939.03743734336,1
139127.64246553887,1
139316.24749373435,1
139504.85252192983,1
139693.4575501253,1
139882.06257832082,1
140070.6676065163,1
140259.2726347118,1
140447.87766290727,1
140636.48269110278,1
140825.08771929826,1
141013.69274749374,1
141202.29777568922,1
141390.90280388473,1
141579.5078320802,1
141768.1128602757,1
141956.71788847118,1
142145.3229166667,1
142333.92794486217,1
142522.53297305765,1
142711.13800125313,1
142899.74302944864,1
143088.34805764412,1
143276.9530858396,1
143465.55811403508,1
143654.1631422306,1
143842.76817042608,1
144031.37319862156,1
144219.97822681704,1
144408.58325501255,1
144597.18828320803,1
144785.7933114035,1
144974.398339599,1
145163.0033677945,1
145351.60839598998,1
145540.21342418547,1
145728.81845238095,1
145917.42348057646,1
146106.02850877194,1
146294.63353696742,1
146483.2385651629,1
146671.8435933584,1
146860.4486215539,1
147049.05364974937,1
147237.65867794488,1
147426.26370614037,1
147614.86873433585,1
147803.47376253133,1
147992.07879072684,1
148180.68381892232,1
148369.2888471178,1
148557.89387531328,0
148746.4989035088,1
148935.10393170427,1
149123.70895989976,1
149312.31398809524,1
149500.91901629075,1
149689.52404448623,1
149878.1290726817,1
150066.7341008772,1
150255.3391290727,1
150443.94415726818,1
150632.54918546366,1
150821.15421365915,1
151009.75924185466,1
151198.36427005014,1
151386.96929824562,1
151575.5743264411,1
151764.1793546366,2
151952.7843828321,1
152141.38941102757,1
152329.99443922305,0
152518.59946741856,1
152707.20449561405,1
152895.80952380953,2
153084.414552005,0
153273.01958020052,0
153461.624608396,0
153650.22963659148,1
153838.83466478696,1
154027.43969298247,0
154216.04472117795,1
154404.64974937344,0
154593.25477756892,1
154781.85980576443,1
154970.4648339599,0
155159.0698621554,0
155347.6748903509,1
155536.27991854638,0
155724.88494674186,0
155913.48997493734,0
156102.09500313285,0
156290.70003132834,0
156479.30505952382,0
156667.9100877193,0
156856.5151159148,0
157045.1201441103,0
157233.72517230577,0
157422.33020050125,0
157610.93522869676,0
157799.54025689224,0
157988.14528508772,0
158176.7503132832,0
158365.35534147872,0
158553.9603696742,0
158742.56539786968,0
158931.17042606516,0
159119.77545426067,0
159308.38048245615,0
159496.98551065163,0
159685.59053884711,0
159874.19556704263,0
160062.8005952381,0
160251.4056234336,0
160440.01065162907,0
160628.61567982458,0
160817.22070802006,0
161005.82573621554,0
161194.43076441102,0
161383.03579260653,0
161571.64082080201,0
161760.2458489975,0
161948.85087719298,0
162137.4559053885,0
162326.06093358397,0
162514.66596177945,0
162703.27098997496,0
162891.87601817044,0
163080.48104636592,0
163269.0860745614,0
163457.69110275691,0
163646.2961309524,0
163834.90115914788,0
164023.50618734336,0
164212.11121553887,0
164400.71624373435,0
164589.32127192983,0
164777.9263001253,0
164966.53132832082,0
165155.1363565163,0
165343.7413847118,0
165532.34641290727,0
165720.95144110278,0
165909.55646929826,0
166098.16149749374,0
166286.76652568922,0
166475.37155388473,0
166663.9765820802,0
166852.5816102757,0
167041.18663847118,0
167229.7916666667,0
167418.39669486217,1
167607.00172305765,1
167795.60675125313,1
167984.21177944864,1
168172.81680764412,1
168361.4218358396,0
168550.02686403508,1
168738.6318922306,1
168927.23692042608,1
169115.84194862156,1
169304.44697681704,1
169493.05200501255,1
169681.65703320803,1
169870.2620614035,1
170058.867089599,1
170247.4721177945,1
170436.07714598998,1
170624.68217418547,1
170813.28720238098,1
171001.89223057646,1
171190.49725877194,1
171379.10228696742,1
171567.70731516293,1
171756.3123433584,1
171944.9173715539,1
172133.52239974937,1
172322.12742794488,1
172510.73245614037,1
172699.33748433585,1
172887.94251253133,1
173076.54754072684,1
173265.15256892232,1
173453.7575971178,1
173642.36262531328,1
173830.9676535088,1
174019.57268170427,1
174208.17770989976,1
174396.78273809524,1
174585.38776629075,1
174773.99279448623,1
174962.5978226817,1
175151.2028508772,1
175339.8078790727,1
175528.41290726818,1
175717.01793546366,1
175905.62296365915,1
176094.22799185466,1
176282.83302005014,1
176471.43804824562,1
176660.0430764411,1
176848.6481046366,1
177037.2531328321,1
177225.85816102757,1
177414.46318922305,1
177603.06821741856,1
177791.67324561405,1
177980.27827380953,1
178168.883302005,1
178357.48833020052,1
178546.093358396,1
178734.69838659148,1
178923.303414787,1
179111.90844298247,1
179300.51347117795,1
179489.11849937344,1
179677.72352756895,1
179866.32855576443,1
180054.9335839599,1
180243.5386121554,1
180432.1436403509,1
180620.74866854638,1
180809.35369674186,1
180997.95872493734,1
181186.56375313285,1
181375.16878132834,1
181563.77380952382,1
181752.3788377193,1
181940.9838659148,1
182129.5888941103,1
182318.19392230577,1
182506.79895050125,1
182695.40397869676,1
182884.00900689224,1
183072.61403508772,1
183261.2190632832,1
183449.82409147872,1
183638.4291196742,1
183827.03414786968,1
184015.63917606516,1
184204.24420426067,1
184392.84923245615,1
184581.45426065163,1
184770.05928884711,1
184958.66431704263,1
185147.2693452381,1
185335.8743734336,1
185524.47940162907,1
185713.08442982458,1
185901.68945802006,1
186090.29448621554,2
186278.89951441102,2
186467.50454260653,1
186656.10957080201,1
186844.7145989975,1
187033.319627193,1
187221.9246553885,1
187410.52968358397,1
187599.13471177945,1
187787.73973997496,1
187976.34476817044,1
188164.94979636592,1
188353.5548245614,1
188542.15985275691,1
188730.7648809524,1
188919.36990914788,1
189107.97493734336,1
189296.57996553887,1
189485.18499373435,1
189673.79002192983,1
189862.3950501253,1
190051.00007832082,1
190239.6051065163,1
190428.2101347118,1
190616.81516290727,1
190805.42019110278,1
190994.02521929826,1
191182.63024749374,1
191371.23527568922,1
191559.84030388473,1
191748.4453320802,1
191937.0503602757,1
192125.65538847118,1
192314.2604166667,1
192502.86544486217,1
192691.47047305765,1
192880.07550125313,1
193068.68052944864,1
193257.28555764412,1
193445.8905858396,1
193634.49561403508,1
193823.1006422306,1
194011.70567042608,1
194200.31069862156,1
194388.91572681707,1
194577.52075501255,1
194766.12578320803,1
194954.7308114035,2
195143.33583959902,1
195331.9408677945,2
195520.54589598998,1
195709.15092418547,1
195897.75595238098,1
196086.36098057646,1
196274.96600877194,1
196463.57103696742,1
196652.17606516293,1
196840.7810933584,1
197029.3861215539,1
197217.99114974937,1
197406.59617794488,1
197595.20120614037,1
197783.80623433585,1
197972.41126253133,1
198161.01629072684,1
198349.62131892232,1
198538.2263471178,1
198726.83137531328,1
198915.4364035088,1
199104.04143170427,1
199292.64645989976,1
199481.25148809524,1
199669.85651629075,1
199858.46154448623,1
200047.0665726817,1
200235.6716008772,1
200424.2766290727,1
200612.88165726818,1
200801.48668546366,1
200990.09171365915,1
201178.69674185466,1
201367.30177005014,1
201555.90679824562,1
201744.5118264411,1
201933.1168546366,1
202121.7218828321,1
202310.32691102757,1
202498.93193922308,1
202687.53696741856,1
202876.14199561405,1
203064.74702380953,1
203253.35205200504,1
203441.95708020052,1
203630.562108396,1
203819.16713659148,1
204007.772164787,1
204196.37719298247,1
204384.98222117795,1
204573.58724937344,1
204762.19227756895,1
204950.79730576443,1
205139.4023339599,1
205328.0073621554,1
205516.6123903509,1
205705.21741854638,1
205893.82244674186,1
206082.42747493734,1
206271.03250313285,2
206459.63753132834,1
206648.24255952382,2
206836.8475877193,1
207025.4526159148,1
207214.0576441103,1
207402.66267230577,1
207591.26770050125,1
207779.87272869676,1
207968.47775689224,1
208157.08278508772,1
208345.6878132832,1
208534.29284147872,1
208722.8978696742,1
208911.50289786968,1
209100.10792606516,1
209288.71295426067,1
209477.31798245615,1
209665.92301065163,1
209854.52803884711,1
210043.13306704263,1
210231.7380952381,1
210420.3431234336,1
210608.9481516291,1
210797.55317982458,1
210986.15820802006,1
211174.76323621554,1
211363.36826441105,1
211551.97329260653,1
211740.57832080201,1
211929.1833489975,1
212117.788377193,1
212306.3934053885,1
212494.99843358397,1
212683.60346177945,1
212872.20848997496,1
213060.81351817044,1
213249.41854636592,1
213438.0235745614,1
213626.62860275691,1
213815.2336309524,1
214003.83865914788,1
214192.44368734336,1
214381.04871553887,1
214569.65374373435,1
214758.25877192983,1
214946.8638001253,1
215135.46882832082,1
215324.0738565163,1
215512.6788847118,1
215701.28391290727,1
215889.88894110278,1
216078.49396929826,1
216267.09899749374,1
216455.70402568922,1
216644.30905388473,1
216832.9140820802,1
217021.5191102757,1
217210.12413847118,1
217398.7291666667,1
217587.33419486217,1
217775.93922305765,1
217964.54425125316,1
218153.14927944864,1
218341.75430764412,1
218530.3593358396,1
218718.9643640351,1
218907.5693922306,1
219096.17442042608,1
219284.77944862156,1
219473.38447681707,1
219661.98950501255,1
219850.59453320803,1
220039.1995614035,1
220227.80458959902,1
220416.4096177945,1
220605.01464598998,1
220793.61967418547,1
220982.22470238098,1
221170.82973057646,1
221359.43475877194,1
221548.03978696742,1
221736.64481516293,1
221925.2498433584,1
222113.8548715539,1
222302.45989974937,1
222491.06492794488,1
222679.66995614037,1
222868.27498433585,1
223056.88001253133,1
223245.48504072684,1
223434.09006892232,1
223622.6950971178,1
223811.30012531328,1
223999.9051535088,1
224188.51018170427,1
224377.11520989976,1
224565.72023809524,1
224754.32526629075,1
224942.93029448623,1
225131.5353226817,1
225320.1403508772,1
225508.7453790727,1
225697.35040726818,1
225885.95543546366,1
226074.56046365917,1
226263.16549185466,1
226451.77052005014,1
226640.37554824562,1
226828.98057644113,1
227017.5856046366,1
227206.1906328321,1
227394.79566102757,1
227583.40068922308,1
227772.00571741856,1
227960.61074561405,1
228149.21577380953,1
228337.82080200504,1
228526.42583020052,1
228715.030858396,1
228903.63588659148,1
229092.240914787,1
229280.84594298247,1
229469.45097117795,1
229658.05599937344,1
229846.66102756895,1
230035.26605576443,1
230223.8710839599,1
230412.4761121554,1
230601.0811403509,1
230789.68616854638,1
230978.29119674186,1
231166.89622493734,1
231355.50125313285,1
231544.10628132834,1
231732.71130952382,1
231921.3163377193,1
232109.9213659148,1
232298.5263941103,1
232487.13142230577,1
232675.73645050125,1
232864.34147869676,1
233052.94650689224,1
233241.55153508772,1
233430.1565632832,1
233618.76159147872,1
233807.3666196742,1
233995.97164786968,1
234184.5766760652,1
234373.18170426067,1
234561.78673245615,1
234750.39176065163,1
234938.99678884714,1
235127.60181704263,1
235316.2068452381,0
235504.8118734336,1
235693.4169016291,0
235882.02192982458,1
236070.62695802006,0
236259.23198621554,0
236447.83701441105,0
236636.44204260653,0
236825.04707080201,0
237013.6520989975,0
237202.257127193,0
237390.8621553885,1
237579.46718358397,1
237768.07221177945,1
237956.67723997496,1
238145.28226817044,1
238333.88729636592,1
238522.4923245614,1
238711.09735275691,1
238899.7023809524,1
239088.30740914788,1
239276.91243734336,1
239465.51746553887,1
239654.12249373435,1
239842.72752192983,1
240031.3325501253,1
240219.93757832082,1
240408.5426065163,1
240597.1476347118,1
240785.75266290727,1
240974.35769110278,1
241162.96271929826,1
241351.56774749374,1
241540.17277568925,1
241728.77780388473,1
241917.3828320802,1
242105.9878602757,1
242294.5928884712,1
242483.1979166667,1
242671.80294486217,1
242860.40797305765,1
243049.01300125316,1
243237.61802944864,1
243426.22305764412,1
243614.8280858396,1
243803.4331140351,1
243992.0381422306,1
244180.64317042608,1
244369.24819862156,1
244557.85322681707,1
244746.45825501255,1
244935.06328320803,1
245123.6683114035,1
245312.27333959902,1
245500.8783677945,1
245689.48339598998,1
245878.08842418547,1
246066.69345238098,1
246255.29848057646,1
246443.90350877194,1
246632.50853696742,1
246821.11356516293,1
247009.7185933584,1
247198.3236215539,1
247386.92864974937,1
247575.53367794488,1
247764.13870614037,1
247952.74373433585,1
248141.34876253133,1
248329.95379072684,1
248518.55881892232,1
248707.1638471178,1
248895.76887531328,1
249084.3739035088,1
249272.97893170427,1
249461.58395989976,1
249650.18898809527,1
249838.79401629075,1
250027.39904448623,1
250216.0040726817,1
250404.60910087722,1
250593.2141290727,1
250781.81915726818,1
250970.42418546366,1
251159.02921365917,1
251347.63424185466,1
251536.23927005014,1
251724.84429824562,1
251913.44932644113,1
252102.0543546366,1
252290.6593828321,1
252479.26441102757,1
252667.86943922308,1
252856.47446741856,1
253045.07949561405,1
253233.68452380953,1
253422.28955200504,1
253610.89458020052,1
253799.499608396,1
253988.10463659148,1
254176.709664787,1
254365.31469298247,1
254553.91972117795,1
254742.52474937344,1
254931.12977756895,1
255119.73480576443,1
255308.3398339599,1
255496.9448621554,1
255685.5498903509,1
255874.15491854638,1
256062.75994674186,1
256251.36497493734,1
256439.97000313285,1
256628.57503132834,1
256817.18005952382,1
257005.7850877193,1
257194.3901159148,1
257382.9951441103,1
257571.60017230577,1
257760.20520050128,1
257948.81022869676,1
258137.41525689224,1
258326.02028508772,1
258514.62531328324,0
258703.23034147872,0
258891.8353696742,0
259080.44039786968,0
259269.0454260652,1
259457.65045426067,1
259646.25548245615,1
259834.86051065163,1
260023.46553884714,1
260212.07056704263,1
260400.6755952381,1
260589.2806234336,1
260777.8856516291,1
260966.49067982458,1
261155.09570802006,1
261343.70073621554,1
261532.30576441105,1
261720.91079260653,1
261909.51582080201,1
262098.1208489975,1
262286.725877193,1
262475.33090538846,1
262663.935933584,1
262852.5409617795,1
263041.14598997496,1
263229.75101817044,1
263418.3560463659,1
263606.9610745614,1
263795.5661027569,1
263984.17113095237,1
264172.7761591479,1
264361.3811873434,1
264549.98621553887,1
264738.59124373435,1
264927.19627192983,1
265115.8013001253,1
265304.4063283208,1
265493.01135651633,1
265681.6163847118,1
265870.2214129073,1
266058.8264411028,1
266247.43146929826,1
266436.03649749374,1
266624.6415256892,1
266813.2465538847,1
267001.85158208024,1
267190.4566102757,1
267379.0616384712,1
267567.6666666667,1
267756.27169486217,1
267944.87672305765,1
268133.48175125313,1
268322.0867794486,1
268510.69180764415,1
268699.29683583963,1
268887.9018640351,1
269076.5068922306,1
269265.1119204261,1
269453.71694862156,1
269642.32197681704,1
269830.9270050125,1
270019.53203320806,1
270208.13706140354,1
270396.742089599,1
270585.3471177945,1
270773.95214599,1
270962.55717418547,1
271151.16220238095,1
271339.7672305764,1
271528.37225877197,1
271716.97728696745,1
271905.58231516293,1
272094.1873433584,1
272282.7923715539,1
272471.3973997494,1
272660.00242794486,1
272848.60745614034,1
273037.2124843359,1
273225.81751253136,1
273414.42254072684,1
273603.0275689223,1
273791.6325971178,1
273980.2376253133,1
274168.84265350876,1
274357.4476817043,1
274546.0527098998,1
274734.65773809527,1
274923.26276629075,1
275111.8677944862,1
275300.4728226817,1
275489.0778508772,1
275677.6828790727,1
275866.2879072682,1
276054.8929354637,1
276243.4979636592,1
276432.10299185466,1
276620.70802005014,1
276809.3130482456,1
276997.9180764411,0
277186.5231046366,0
277375.1281328321,0
277563.7331610276,0
277752.3381892231,0
277940.94321741856,1
278129.54824561405,0
278318.1532738095,0
278506.758302005,0
278695.3633302005,0
278883.968358396,0
279072.5733865915,0
279261.178414787,0
279449.7834429825,0
279638.38847117795,0
279826.99349937344,0
280015.5985275689,0
280204.2035557644,0
280392.80858395994,0
280581.4136121554,0
280770.0186403509,0
280958.6236685464,0
281147.22869674186,0
281335.83372493734,0
281524.4387531328,0
281713.04378132836,0
281901.64880952385,0
282090.2538377193,0
282278.8588659148,0
282467.4638941103,1
282656.06892230577,0
282844.67395050125,0
283033.27897869673,0
283221.8840068923,0
283410.48903508775,0
283599.09406328324,0
283787.6990914787,0
283976.3041196742,0
284164.9091478697,0
284353.51417606516,0
284542.11920426064,0
284730.7242324562,0
284919.32926065166,0
285107.93428884714,0
285296.5393170426,0
285485.1443452381,0
285673.7493734336,0
285862.35440162907,0
286050.95942982455,0
286239.5644580201,0
286428.1694862156,0
286616.77451441105,0
286805.37954260653,0
286993.984570802,0
287182.5895989975,0
287371.194627193,0
287559.79965538846,0
287748.404683584,0
287937.0097117795,0
288125.61473997496,0
288314.21976817044,0
288502.8247963659,0
288691.4298245614,0
288880.0348527569,0
289068.6398809524,0
289257.2449091479,0
289445.8499373434,0
289634.45496553887,0
289823.05999373435,0
290011.66502192983,0
290200.2700501253,0
290388.8750783208,0
290577.48010651633,0
290766.0851347118,0
290954.6901629073,0
291143.2951911028,0
291331.90021929826,0
291520.50524749374,0
291709.1102756892,0
291897.7153038847,0
292086.32033208024,0
292274.9253602757,0
292463.5303884712,0
292652.1354166667,0
292840.74044486217,0
293029.34547305765,0
293217.95050125313,0
293406.5555294486,0
293595.16055764415,0
293783.76558583963,0
293972.3706140351,0
294160.9756422306,0
294349.5806704261,0
294538.18569862156,0
294726.79072681704,0
294915.3957550125,0
295104.00078320806,0
295292.60581140354,0
295481.210839599,0
295669.8158677945,0
295858.42089599,0
296047.02592418547,0
296235.63095238095,0
296424.2359805764,0
296612.84100877197,0
296801.44603696745,0
296990.05106516293,0
297178.6560933584,0
297367.2611215539,0
297555.8661497494,0
297744.47117794486,0
297933.0762061404,0
298121.6812343359,0
298310.28626253136,0
298498.89129072684,0
298687.4963189223,0
298876.1013471178,0
299064.7063753133,0
299253.31140350876,0
299441.9164317043,0
299630.5214598998,0
299819.12648809527,0
300007.73151629075,0
300196.3365444862,0
300384.9415726817,0
300573.5466008772,0
300762.1516290727,0
300950.7566572682,0
301139.3616854637,0
301327.9667136592,0
301516.57174185466,0
301705.17677005014,0
301893.7817982456,0
302082.3868264411,0
302270.9918546366,0
302459.5968828321,0
302648.2019110276,0
302836.8069392231,0
303025.41196741856,0
303214.01699561405,0
303402.6220238095,0
303591.227052005,0
303779.8320802005,0
303968.437108396,0
304157.0421365915,0
304345.647164787,0
304534.2521929825,0
304722.85722117795,0
304911.46224937344,0
305100.0672775689,0
305288.67230576446,0
305477.27733395994,0
305665.8823621554,0
305854.4873903509,0
306043.0924185464,0
306231.69744674186,0
306420.30247493734,0
306608.9075031328,0
306797.51253132836,0
306986.11755952385,0
307174.7225877193,0
307363.3276159148,0
307551.9326441103,0
307740.53767230577,0
307929.14270050125,0
308117.74772869673,0
308306.3527568923,0
308494.95778508775,0
308683.56281328324,0
308872.1678414787,0
309060.7728696742,0
309249.3778978697,0
309437.98292606516,0
309626.58795426064,0
309815.1929824562,0
310003.79801065166,0
310192.40303884714,0
310381.0080670426,0
310569.6130952381,0
310758.2181234336,0
310946.82315162907,0
311135.42817982455,0
311324.0332080201,0
311512.6382362156,1
311701.24326441105,1
311889.84829260653,1
312078.453320802,1
312267.0583489975,1
312455.663377193,1
312644.2684053885,1
312832.873433584,1
313021.4784617795,1
313210.08348997496,1
313398.68851817044,1
313587.2935463659,1
313775.8985745614,1
313964.5036027569,1
314153.1086309524,1
314341.7136591479,1
314530.3186873434,1
314718.92371553887,1
314907.52874373435,1
315096.13377192983,1
315284.7388001253,1
315473.3438283208,1
315661.94885651633,1
315850.5538847118,1
316039.1589129073,1
316227.7639411028,1
316416.36896929826,1
316604.97399749374,1
316793.5790256892,1
316982.1840538847,1
317170.78908208024,1
317359.3941102757,1
317547.9991384712,1
317736.6041666667,1
317925.20919486217,1
318113.81422305765,1
318302.41925125313,1
318491.0242794486,1
318679.62930764415,1
318868.23433583963,1
319056.8393640351,1
319245.4443922306,1
319434.0494204261,1
319622.65444862156,2
319811.25947681704,0
319999.8645050125,0
320188.46953320806,0
320377.07456140354,0
320565.679589599,0
320754.2846177945,0
320942.88964599,0
321131.49467418547,0
321320.09970238095,0
321508.7047305765,0
321697.30975877197,0
321885.91478696745,0
322074.51981516293,0
322263.1248433584,0
322451.7298715539,0
322640.3348997494,0
322828.93992794486,0
323017.5449561404,0
323206.1499843359,0
323394.75501253136,0
323583.36004072684,0
323771.9650689223,0
323960.5700971178,0
324149.1751253133,0
324337.78015350876,0
324526.3851817043,0
324714.9902098998,0
324903.59523809527,0
325092.20026629075,0
325280.8052944862,0
325469.4103226817,0
325658.0153508772,0
325846.6203790727,0
326035.2254072682,0
326223.8304354637,0
326412.4354636592,0
326601.04049185466,0
326789.64552005014,0
326978.2505482456,0
327166.8555764411,0
327355.4606046366,0
327544.0656328321,0
327732.6706610276,0
327921.2756892231,0
328109.88071741856,0
328298.48574561405,0
328487.0907738095,0
328675.695802005,0
328864.30083020055,1
329052.905858396,1
329241.5108865915,3
329430.115914787,1
329618.7209429825,1
329807.32597117795,1
329995.93099937344,1
330184.5360275689,1
330373.14105576446,1
330561.74608395994,1
330750.3511121554,1
330938.9561403509,1
331127.5611685464,1
331316.16619674186,1
331504.77122493734,1
331693.3762531328,1
331881.98128132836,1
332070.58630952385,1
332259.1913377193,1
332447.7963659148,2
332636.4013941103,2
332825.00642230577,2
333013.61145050125,2
333202.21647869673,2
333390.8215068923,2
333579.42653508775,2
333768.03156328324,2
333956.6365914787,2
334145.2416196742,2
334333.8466478697,2
334522.45167606516,2
334711.05670426064,2
334899.6617324562,2
335088.26676065166,2
335276.87178884714,2
335465.4768170426,2
335654.0818452381,2
335842.6868734336,2
336031.29190162907,2
336219.8969298246,2
336408.5019580201,2
336597.1069862156,2
336785.71201441105,2
336974.31704260653,2
337162.922070802,2
337351.5270989975,2
337540.132127193,2
337728.7371553885,2
337917.342183584,2
338105.9472117795,2
338294.55223997496,2
338483.15726817044,2
338671.7622963659,2
338860.3673245614,2
339048.9723527569,2
339237.5773809524,2
339426.1824091479,2
339614.7874373434,2
339803.39246553887,2
339991.99749373435,2
340180.60252192983,2
340369.2075501253,2
340557.8125783208,2
340746.41760651633,2
340935.0226347118,2
341123.6276629073,3
341312.2326911028,3
341500.83771929826,2
341689.44274749374,2
341878.0477756892,2
342066.6528038847,2
342255.25783208024,2
342443.8628602757,2
342632.4678884712,2
342821.0729166667,2
343009.67794486217,2
343198.28297305765,2
343386.88800125313,2
343575.4930294486,2
343764.09805764415,3
343952.70308583963,2
344141.3081140351,2
344329.9131422306,2
344518.5181704261,2
344707.12319862156,2
344895.72822681704,2
345084.3332550126,2
345272.93828320806,1
345461.54331140354,1
345650.148339599,2
345838.7533677945,2
346027.35839599,2
346215.96342418547,2
346404.56845238095,2
346593.1734805765,2
346781.77850877197,2
346970.38353696745,2
347158.98856516293,2
347347.5935933584,2
347536.1986215539,4
347724.8036497494,2
347913.40867794486,2
348102.0137061404,2
348290.6187343359,3
348479.22376253136,3
348667.82879072684,4
348856.4338189223,2
349045.0388471178,3
349233.6438753133,4
349422.24890350876,4
349610.8539317043,3
349799.4589598998,3
349988.06398809527,3
350176.66901629075,3
350365.2740444862,3
350553.8790726817,3
350742.4841008772,3
350931.0891290727,3
351119.6941572682,3
351308.2991854637,3
351496.9042136592,3
351685.50924185466,3
351874.11427005014,3
352062.7192982456,3
352251.3243264411,3
352439.92935463664,3
352628.5343828321,3
352817.1394110276,3
353005.7444392231,3
353194.34946741856,3
353382.95449561405,3
353571.5595238095,3
353760.164552005,3
353948.76958020055,3
354137.374608396,3
354325.9796365915,3
354514.584664787,3
354703.1896929825,3
354891.79472117795,3
355080.39974937344,3
355269.0047775689,3
355457.60980576446,3
355646.21483395994,3
355834.8198621554,3
356023.4248903509,3
356212.0299185464,3
356400.63494674186,3
356589.23997493734,3
356777.8450031328,3
356966.45003132836,3
357155.05505952385,3
357343.6600877193,3
357532.2651159148,3
357720.8701441103,3
357909.47517230577,3
358098.08020050125,3
358286.68522869673,3
358475.2902568923,3
358663.89528508775,3
358852.50031328324,3
359041.1053414787,3
359229.7103696742,3
359418.3153978697,3
359606.92042606516,3
359795.5254542607,3
359984.1304824562,3
360172.73551065166,3
360361.34053884714,3
360549.9455670426,3
360738.5505952381,4
360927.1556234336,3
361115.76065162907,3
361304.3656798246,3
361492.9707080201,3
361681.5757362156,3
361870.18076441105,3
362058.78579260653,3
362247.390820802,3
362435.9958489975,3
362624.600877193,3
362813.2059053885,3
363001.810933584,3
363190.4159617795,3
363379.02098997496,3
363567.62601817044,3
363756.2310463659,3
363944.8360745614,3
364133.4411027569,3
364322.0461309524,3
364510.6511591479,3
364699.2561873434,3
364887.86121553887,3
365076.46624373435,3
365265.07127192983,3
365453.6763001253,3
365642.2813283208,3
365830.88635651633,3
366019.4913847118,3
366208.0964129073,3
366396.7014411028,4
366585.30646929826,7
366773.91149749374,4
366962.5165256892,4
367151.1215538847,4
367339.72658208024,4
367528.3316102757,4
367716.9366384712,4
367905.5416666667,4
368094.14669486217,4
368282.75172305765,4
368471.35675125313,4
368659.96177944867,4
368848.56680764415,4
369037.17183583963,4
369225.7768640351,4
369414.3818922306,4
369602.9869204261,4
369791.59194862156,4
369980.19697681704,4
370168.8020050126,4
370357.40703320806,3
370546.01206140354,3
370734.617089599,4
370923.2221177945,6
371111.82714599,4
371300.43217418547,4
371489.03720238095,4
371677.6422305765,3
371866.24725877197,3
372054.85228696745,3
372243.45731516293,4
372432.0623433584,3
372620.6673715539,3
372809.2723997494,3
372997.87742794486,3
373186.4824561404,3
373375.0874843359,3
373563.69251253136,4
373752.29754072684,4
373940.9025689223,4
374129.5075971178,4
374318.1126253133,3
374506.71765350876,3
374695.3226817043,4
374883.9277098998,2
375072.53273809527,2
375261.13776629075,2
375449.7427944862,2
375638.3478226817,3
375826.9528508772,2
376015.55787907273,2
376204.1629072682,2
376392.7679354637,2
376581.3729636592,2
376769.97799185466,2
376958.58302005014,2
377147.1880482456,2
377335.7930764411,4
377524.39810463664,2
377713.0031328321,2
377901.6081610276,2
378090.2131892231,2
378278.81821741856,2
378467.42324561405,2
378656.0282738095,3
378844.633302005,2
379033.23833020055,2
379221.843358396,2
379410.4483865915,2
379599.053414787,2
379787.6584429825,2
379976.26347117795,2
380164.86849937344,2
380353.4735275689,2
380542.07855576446,2
380730.68358395994,2
380919.2886121554,2
381107.8936403509,2
381296.4986685464,2
381485.10369674186,2
381673.70872493734,2
381862.3137531328,2
382050.91878132836,2
382239.52380952385,2
382428.1288377193,2
382616.7338659148,2
382805.3388941103,2
382993.94392230577,2
383182.54895050125,2
383371.1539786968,2
383559.7590068923,3
383748.36403508775,2
383936.96906328324,2
384125.5740914787,2
384314.1791196742,2
384502.7841478697,2
384691.38917606516,2
384879.9942042607,2
385068.5992324562,2
385257.20426065166,2
385445.80928884714,1
385634.4143170426,1
385823.0193452381,1
386011.6243734336,1
386200.22940162907,1
386388.8344298246,1
386577.4394580201,1
386766.0444862156,2
386954.64951441105,1
387143.25454260653,1
387331.859570802,1
387520.4645989975,1
387709.069627193,0
387897.6746553885,0
388086.279683584,0
388274.8847117795,0
388463.48973997496,0
388652.09476817044,0
388840.6997963659,0
389029.3048245614,0
389217.9098527569,0
389406.5148809524,0
389595.1199091479,0
389783.7249373434,0
389972.32996553887,0
390160.93499373435,0
390349.54002192983,0
390538.1450501253,0
390726.7500783208,0
390915.35510651633,0
391103.9601347118,0
391292.5651629073,0
391481.1701911028,0
391669.77521929826,0
391858.38024749374,0
392046.9852756892,0
392235.59030388476,0
392424.19533208024,0
392612.8003602757,0
392801.4053884712,0
392990.0104166667,0
393178.61544486217,0
393367.22047305765,0
393555.82550125313,0
393744.43052944867,0
393933.03555764415,0
394121.64058583963,0
394310.2456140351,0
394498.8506422306,0
394687.4556704261,0
394876.06069862156,0
395064.66572681704,0
395253.2707550126,0
395441.87578320806,0
395630.48081140354,0
395819.085839599,0
396007.6908677945,0
396196.29589599,0
396384.90092418547,0
396573.50595238095,0
396762.1109805765,0
396950.71600877197,0
397139.32103696745,0
397327.92606516293,0
397516.5310933584,0
397705.1361215539,0
397893.7411497494,0
398082.34617794486,0
398270.9512061404,0
398459.5562343359,0
398648.16126253136,0
398836.76629072684,0
399025.3713189223,0
399213.9763471178,0
399402.5813753133,0
399591.1864035088,0
399779.7914317043,0
399968.3964598998,0
400157.00148809527,0
400345.60651629075,0
400534.2115444862,0
400722.8165726817,0
400911.4216008772,0
401100.02662907273,0
401288.6316572682,0
401477.2366854637,0
401665.8417136592,0
401854.44674185466,0
402043.05177005014,0
402231.6567982456,0
402420.2618264411,0
402608.86685463664,0
402797.4718828321,0
402986.0769110276,0
403174.6819392231,0
403363.28696741856,0
403551.89199561405,0
403740.4970238095,0
403929.102052005,0
404117.70708020055,0
404306.312108396,0
404494.9171365915,0
404683.522164787,0
404872.1271929825,0
405060.73222117795,0
405249.33724937344,0
405437.9422775689,0
405626.54730576446,0
405815.15233395994,0
406003.7573621554,0
406192.3623903509,0
406380.9674185464,0
406569.57244674186,0
406758.17747493734,0
406946.7825031329,0
407135.38753132836,0
407323.99255952385,0
407512.5975877193,0
407701.2026159148,0
407889.8076441103,0
408078.41267230577,0
408267.01770050125,0
408455.6227286968,0
408644.2277568923,0
408832.83278508775,0
409021.43781328324,0
409210.0428414787,0
409398.6478696742,0
409587.2528978697,0
409775.85792606516,0
409964.4629542607,0
410153.0679824562,0
410341.67301065166,0
410530.27803884714,0
410718.8830670426,0
410907.4880952381,0
411096.0931234336,0
411284.69815162907,0
411473.3031798246,0
411661.9082080201,0
411850.5132362156,0
412039.11826441105,0
412227.72329260653,0
412416.328320802,0
412604.9333489975,0
412793.538377193,0
412982.1434053885,0
413170.748433584,0
413359.3534617795,0
413547.95848997496,0
413736.56351817044,0
413925.1685463659,0
414113.7735745614,0
414302.3786027569,0
414490.9836309524,0
414679.5886591479,0
414868.1936873434,0
415056.79871553887,0
415245.40374373435,0
415434.00877192983,0
415622.6138001253,0
415811.21882832085,0
415999.82385651633,0
416188.4288847118,0
416377.0339129073,0
416565.6389411028,0
416754.24396929826,0
416942.84899749374,0
417131.4540256892,0
417320.05905388476,0
417508.66408208024,0
417697.2691102757,0
417885.8741384712,0
418074.4791666667,0
418263.08419486217,0
418451.68922305765,0
418640.29425125313,0
418828.89927944867,0
419017.50430764415,0
419206.10933583963,0
419394.7143640351,0
419583.3193922306,0
419771.9244204261,0
419960.52944862156,0
420149.13447681704,0
420337.7395050126,0
420526.34453320806,0
420714.94956140354,0
420903.554589599,0
421092.1596177945,0
421280.76464599,0
421469.36967418547,0
421657.97470238095,0
421846.5797305765,0
422035.18475877197,0
422223.78978696745,0
422412.39481516293,0
422600.9998433584,0
422789.6048715539,0
422978.2098997494,0
423166.8149279449,0
423355.4199561404,0
423544.0249843359,0
423732.63001253136,0
423921.23504072684,0
424109.8400689223,0
424298.4450971178,0
424487.0501253133,0
424675.6551535088,0
424864.2601817043,0
425052.8652098998,1
425241.47023809527,1
425430.07526629075,1
425618.6802944862,1
425807.2853226817,1
425995.8903508772,1
426184.49537907273,1
426373.1004072682,2
426561.7054354637,2
426750.3104636592,2
426938.91549185466,2
427127.52052005014,2
427316.1255482456,2
427504.7305764411,2
427693.33560463664,2
427881.9406328321,1
428070.5456610276,1
428259.1506892231,2
428447.75571741856,2
428636.36074561405,0
428824.9657738095,0
429013.570802005,0
429202.17583020055,0
429390.780858396,0
429579.3858865915,0
429767.990914787,0
429956.5959429825,0
430145.20097117795,0
430333.80599937344,0
430522.411027569,0
430711.01605576446,0
430899.62108395994,0
431088.2261121554,0
431276.8311403509,0
431465.4361685464,0
431654.04119674186,0
431842.64622493734,0
432031.2512531329,0
432219.85628132836,0
432408.46130952385,0
432597.0663377193,0
432785.6713659148,0
432974.2763941103,0
433162.88142230577,0
433351.48645050125,0
433540.0914786968,0
433728.6965068923,0
433917.30153508775,0
434105.90656328324,0
434294.5115914787,0
434483.1166196742,0
434671.7216478697,0
434860.32667606516,0
435048.9317042607,0
435237.5367324562,0
435426.14176065166,0
435614.74678884714,0
435803.3518170426,0
435991.9568452381,0
436180.5618734336,0
436369.16690162907,0
436557.7719298246,0
436746.3769580201,0
436934.9819862156,0
437123.58701441105,0
437312.19204260653,0
437500.797070802,0
437689.4020989975,0
437878.007127193,0
438066.6121553885,1
438255.217183584,1
438443.8222117795,1
438632.42723997496,1
438821.03226817044,1
439009.6372963659,1
439198.2423245614,0
439386.84735275694,0
439575.4523809524,0
439764.0574091479,0
439952.6624373434,0
440141.26746553887,0
440329.87249373435,1
440518.47752192983,0
440707.0825501253,0
440895.68757832085,0
441084.29260651633,0
441272.8976347118,0
441461.5026629073,0
441650.1076911028,0
441838.71271929826,0
442027.31774749374,0
442215.9227756892,0
442404.52780388476,0
442593.13283208024,0
442781.7378602757,0
442970.3428884712,0
443158.9479166667,0
443347.55294486217,0
443536.15797305765,0
443724.76300125313,0
443913.36802944867,0
444101.97305764415,0
444290.57808583963,0
444479.1831140351,0
444667.7881422306,0
444856.3931704261,0
445044.99819862156,0
445233.60322681704,0
445422.2082550126,0
445610.81328320806,0
445799.41831140354,0
445988.023339599,0
446176.6283677945,0
446365.23339599,0
446553.83842418547,0
446742.443452381,0
446931.0484805765,0
447119.65350877197,0
447308.25853696745,0
447496.86356516293,0
447685.4685933584,0
447874.0736215539,0
448062.6786497494,0
448251.2836779449,0
448439.8887061404,0
448628.4937343359,0
448817.09876253136,0
449005.70379072684,0
449194.3088189223,0
449382.9138471178,0
449571.5188753133,0
449760.1239035088,0
449948.7289317043,0
450137.3339598998,0
450325.93898809527,0
450514.54401629075,0
450703.1490444862,0
450891.7540726817,0
451080.3591008772,0
451268.96412907273,0
451457.5691572682,0
451646.1741854637,0
451834.7792136592,0
452023.38424185466,0
452211.98927005014,0
452400.5942982456,0
452589.1993264411,0
452777.80435463664,0
452966.4093828321,0
453155.0144110276,0
453343.6194392231,0
453532.22446741856,0
453720.82949561405,0
453909.4345238095,0
454098.03955200507,0
454286.64458020055,0
454475.249608396,0
454663.8546365915,0
454852.459664787,0
455041.0646929825,0
455229.66972117795,0
455418.27474937344,0
455606.879777569,0
455795.48480576446,0
455984.08983395994,0
456172.6948621554,0
456361.2998903509,0
456549.9049185464,0
456738.50994674186,0
456927.11497493734,0
457115.7200031329,0
457304.32503132836,0
457492.93005952385,0
457681.5350877193,0
457870.1401159148,0
458058.7451441103,0
458247.35017230577,0
458435.95520050125,0
458624.5602286968,0
458813.1652568923,0
459001.77028508775,0
459190.37531328324,0
459378.9803414787,0
459567.5853696742,0
459756.1903978697,0
459944.79542606516,0
460133.4004542607,0
460322.0054824562,1
460510.61051065166,1
460699.21553884714,1
460887.8205670426,1
461076.4255952381,1
461265.0306234336,1
461453.63565162907,1
461642.2406798246,1
461830.8457080201,1
462019.4507362156,1
462208.05576441105,1
462396.66079260653,1
462585.265820802,1
462773.8708489975,0
462962.47587719304,1
463151.0809053885,0
463339.685933584,0
463528.2909617795,1
463716.89598997496,1
463905.50101817044,0
464094.1060463659,0
464282.7110745614,0
464471.31610275694,0
464659.9211309524,0
464848.5261591479,0
465037.1311873434,0
465225.73621553887,0
465414.34124373435,0
465602.94627192983,1
465791.5513001253,1
465980.15632832085,1
466168.76135651633,1
466357.3663847118,1
466545.9714129073,0
466734.5764411028,0
466923.18146929826,0
467111.78649749374,0
467300.3915256892,0
467488.99655388476,0
467677.60158208024,0
467866.2066102757,0
468054.8116384712,0
468243.4166666667,0
468432.02169486217,0
468620.62672305765,0
468809.23175125313,0
468997.83677944867,0
469186.44180764415,0
469375.04683583963,0
469563.6518640351,0
469752.2568922306,0
469940.8619204261,0
470129.46694862156,0
470318.0719768171,0
470506.6770050126,0
470695.28203320806,0
470883.88706140354,0
471072.492089599,0
471261.0971177945,0
471449.70214599,0
471638.30717418547,0
471826.912202381,0
472015.5172305765,0
472204.12225877197,0
472392.72728696745,0
472581.33231516293,0
472769.9373433584,0
472958.5423715539,0
473147.1473997494,0
473335.7524279449,0
473524.3574561404,0
473712.9624843359,0
473901.56751253136,0
474090.17254072684,0
474278.7775689223,0
474467.3825971178,0
474655.9876253133,0
474844.5926535088,0
475033.1976817043,0
475221.8027098998,0
475410.40773809527,0
475599.01276629075,0
475787.6177944862,0
475976.2228226817,0
476164.8278508772,0
476353.43287907273,0
476542.0379072682,0
476730.6429354637,0
476919.2479636592,0
477107.85299185466,0
477296.45802005014,0
477485.0630482456,0
477673.66807644116,0
477862.27310463664,0
478050.8781328321,0
478239.4831610276,0
478428.0881892231,0
478616.69321741856,0
478805.29824561405,0
478993.9032738095,0
479182.50830200507,0
479371.11333020055,0
479559.718358396,0
479748.3233865915,0
479936.928414787,0
480125.5334429825,0
480314.13847117795,0
480502.74349937344,0
480691.348527569,0
480879.95355576446,0
481068.55858395994,0
481257.1636121554,0
481445.7686403509,0
481634.3736685464,0
481822.97869674186,0
482011.58372493734,0
482200.1887531329,0
482388.79378132836,0
482577.39880952385,0
482766.0038377193,0
482954.6088659148,0
483143.2138941103,0
483331.81892230577,0
483520.42395050125,0
483709.0289786968,0
483897.6340068923,0
484086.23903508775,0
484274.84406328324,0
484463.4490914787,0
484652.0541196742,0
484840.6591478697,0
485029.26417606516,0
485217.8692042607,0
485406.4742324562,0
485595.07926065166,0
485783.68428884714,0
485972.2893170426,0
486160.8943452381,0
486349.4993734336,0
486538.1044016291,0
486726.7094298246,0
486915.3144580201,0
487103.9194862156,0
487292.52451441105,0
487481.12954260653,0
487669.734570802,0
487858.3395989975,0
488046.94462719304,0
488235.5496553885,0
488424.154683584,0
488612.7597117795,0
488801.36473997496,0
488989.96976817044,0
489178.5747963659,0
489367.1798245614,0
489555.78485275694,0
489744.3898809524,0
489932.9949091479,0
490121.5999373434,0
490310.20496553887,0
490498.80999373435,0
490687.41502192983,0
490876.0200501253,0
491064.62507832085,0
491253.23010651633,0
491441.8351347118,0
491630.4401629073,0
491819.0451911028,0
492007.65021929826,0
492196.25524749374,0
492384.8602756892,0
492573.46530388476,0
492762.07033208024,0
492950.6753602757,0
493139.2803884712,0
493327.8854166667,0
493516.49044486217,0
493705.09547305765,0
493893.7005012532,0
494082.30552944867,0
494270.91055764415,0
494459.51558583963,0
494648.1206140351,0
494836.7256422306,0
495025.3306704261,0
495213.93569862156,0
495402.5407268171,0
495591.1457550126,0
495779.75078320806,0
495968.35581140354,0
496156.960839599,0
496345.5658677945,0
496534.17089599,0
496722.77592418547,0
496911.380952381,0
497099.9859805765,0
497288.59100877197,0
497477.19603696745,0
497665.80106516293,0
497854.4060933584,0
498043.0111215539,0
498231.6161497494,0
498420.2211779449,0
498608.8262061404,0
498797.4312343359,0
498986.03626253136,0
499174.64129072684,0
499363.2463189223,0
499551.8513471178,0
499740.4563753133,0
499929.0614035088,0
500117.6664317043,0
500306.2714598998,0
500494.87648809527,0
500683.48151629075,0
500872.0865444862,0
501060.6915726817,0
501249.29660087725,0
501437.90162907273,0
501626.5066572682,0
501815.1116854637,0
502003.7167136592,0
502192.32174185466,0
502380.92677005014,0
502569.5317982456,0
502758.13682644116,0
502946.74185463664,0
503135.3468828321,0
503323.9519110276,0
503512.5569392231,0
503701.16196741856,0
503889.76699561405,0
504078.3720238095,0
504266.97705200507,1
504455.58208020055,1
504644.187108396,1
504832.7921365915,1
505021.397164787,1
505210.0021929825,1
505398.60722117795,1
505587.21224937344,1
505775.817277569,1
505964.42230576446,1
506153.02733395994,1
506341.6323621554,1
506530.2373903509,1
506718.8424185464,1
506907.44744674186,1
507096.05247493734,1
507284.6575031329,1
507473.26253132836,1
507661.86755952385,1
507850.4725877193,1
508039.0776159148,1
508227.6826441103,1
508416.28767230577,1
508604.89270050125,1
508793.4977286968,1
508982.1027568923,1
509170.70778508775,1
509359.31281328324,1
509547.9178414787,1
509736.5228696742,1
509925.1278978697,1
510113.7329260652,1
510302.3379542607,1
510490.9429824562,1
510679.54801065166,1
510868.15303884714,1
511056.7580670426,0
511245.3630952381,0
511433.9681234336,0
511622.5731516291,0
511811.1781798246,0
511999.7832080201,0
512188.3882362156,1
512376.99326441105,1
512565.59829260653,1
512754.203320802,1
512942.8083489975,1
513131.41337719304,1
513320.0184053885,1
513508.623433584,1
513697.2284617795,1
513885.83348997496,1
514074.43851817044,1
514263.0435463659,1
514451.6485745614,1
514640.25360275694,1
514828.8586309524,1
515017.4636591479,1
515206.0686873434,1
515394.67371553887,1
515583.27874373435,1
515771.88377192983,1
515960.4888001253,1
516149.09382832085,1
516337.69885651633,1
516526.3038847118,1
516714.9089129073,1
516903.5139411028,1
517092.11896929826,1
517280.72399749374,1
517469.3290256893,1
517657.93405388476,1
517846.53908208024,1
518035.1441102757,1
518223.7491384712,1
518412.3541666667,1
518600.95919486217,1
518789.56422305765,1
518978.1692512532,1
519166.77427944867,1
519355.37930764415,1
519543.98433583963,1
519732.5893640351,1
519921.1943922306,1
520109.7994204261,1
520298.40444862156,1
520487.0094768171,1
520675.6145050126,1
520864.21953320806,1
521052.82456140354,1
521241.429589599,1
521430.0346177945,1
521618.63964599,1
521807.24467418547,1
521995.849702381,1
522184.4547305765,1
522373.05975877197,1
522561.66478696745,1
522750.26981516293,1
522938.8748433584,1
523127.4798715539,1
523316.0848997494,1
523504.6899279449,1
523693.2949561404,1
523881.8999843359,1
524070.50501253136,1
524259.11004072684,1
524447.7150689224,1
524636.3200971178,1
524824.9251253133,1
525013.5301535088,1
525202.1351817043,1
525390.7402098997,1
525579.3452380953,1
525767.9502662908,1
525956.5552944862,1
526145.1603226818,1
526333.7653508772,1
526522.3703790727,1
526710.9754072682,1
526899.5804354637,1
527088.1854636592,1
527276.7904918547,1
527465.3955200502,1
527654.0005482456,1
527842.6055764412,1
528031.2106046366,1
528219.8156328321,1
528408.4206610275,1
528597.0256892231,1
528785.6307174186,1
528974.235745614,1
529162.8407738096,1
529351.445802005,1
529540.0508302005,1
529728.655858396,1
529917.2608865915,1
530105.865914787,1
530294.4709429825,1
530483.075971178,1
530671.6809993734,1
530860.286027569,1
531048.8910557644,1
531237.4960839599,1
531426.1011121554,1
531614.7061403509,1
531803.3111685464,1
531991.9161967419,1
532180.5212249374,1
532369.1262531328,1
532557.7312813284,1
532746.3363095238,1
532934.9413377193,1
533123.5463659149,1
533312.1513941103,1
533500.7564223058,1
533689.3614505013,1
533877.9664786968,1
534066.5715068922,1
534255.1765350878,1
534443.7815632833,1
534632.3865914787,1
534820.9916196743,1
535009.5966478697,1
535198.2016760652,1
535386.8067042606,1
535575.4117324562,1
535764.0167606516,2
535952.6217888471,2
536141.2268170427,2
536329.8318452381,2
536518.4368734336,2
536707.0419016291,2
536895.6469298246,2
537084.25195802,2
537272.8569862156,2
537461.4620144111,2
537650.0670426065,2
537838.6720708021,2
538027.2770989975,2
538215.882127193,2
538404.4871553885,2
538593.092183584,2
538781.6972117794,2
538970.302239975,2
539158.9072681705,2
539347.5122963659,2
539536.1173245615,2
539724.7223527569,2
539913.3273809524,2
540101.9324091478,1
540290.5374373434,1
540479.1424655389,1
540667.7474937344,1
540856.3525219299,1
541044.9575501253,1
541233.5625783209,1
541422.1676065163,0
541610.7726347118,0
541799.3776629074,0
541987.9826911028,0
542176.5877192983,0
542365.1927474937,0
542553.7977756893,0
542742.4028038847,0
542931.0078320802,0
543119.6128602757,0
543308.2178884712,0
543496.8229166667,0
543685.4279448622,0
543874.0329730577,0
544062.6380012531,0
544251.2430294487,0
544439.8480576441,0
544628.4530858396,0
544817.0581140352,0
545005.6631422306,0
545194.2681704261,0
545382.8731986216,0
545571.4782268171,0
545760.0832550125,0
545948.6882832081,0
546137.2933114035,0
546325.898339599,0
546514.5033677946,0
546703.10839599,0
546891.7134241855,0
547080.318452381,0
547268.9234805765,0
547457.5285087719,0
547646.1335369674,0
547834.738565163,0
548023.3435933584,0
548211.948621554,0
548400.5536497494,0
548589.1586779449,0
548777.7637061403,0
548966.3687343359,0
549154.9737625314,0
549343.5787907268,0
549532.1838189224,0
549720.7888471178,0
549909.3938753133,0
550097.9989035088,0
550286.6039317043,0
550475.2089598997,0
550663.8139880953,0
550852.4190162908,0
551041.0240444862,0
551229.6290726818,0
551418.2341008772,0
551606.8391290727,0
551795.4441572682,0
551984.0491854637,0
552172.6542136592,0
552361.2592418547,0
552549.8642700502,0
552738.4692982456,0
552927.0743264412,0
553115.6793546366,0
553304.2843828321,0
553492.8894110275,0
553681.4944392231,0
553870.0994674186,0
554058.704495614,0
554247.3095238096,0
554435.914552005,0
554624.5195802005,0
554813.124608396,0
555001.7296365915,0
555190.334664787,0
555378.9396929825,0
555567.544721178,0
555756.1497493734,0
555944.754777569,0
556133.3598057644,0
556321.9648339599,0
556510.5698621555,0
556699.1748903509,0
556887.7799185464,0
557076.3849467419,0
557264.9899749374,0
557453.5950031328,0
557642.2000313284,0
557830.8050595238,0
558019.4100877193,0
558208.0151159149,0
558396.6201441103,0
558585.2251723058,0
558773.8302005013,0
558962.4352286968,0
559151.0402568922,0
559339.6452850878,0
559528.2503132833,0
559716.8553414787,0
559905.4603696743,0
560094.0653978697,0
560282.6704260652,0
560471.2754542606,0
560659.8804824562,0
560848.4855106516,0
561037.0905388471,0
561225.6955670427,0
561414.3005952381,0
561602.9056234336,0
561791.5106516291,0
561980.1156798246,0
562168.72070802,0
562357.3257362156,0
562545.9307644111,0
562734.5357926065,0
562923.1408208021,0
563111.7458489975,0
563300.350877193,0
563488.9559053885,0
563677.560933584,0
563866.1659617794,0
564054.770989975,0
564243.3760181705,0
564431.9810463659,0
564620.5860745615,0
564809.1911027569,0
564997.7961309524,0
565186.4011591478,0
565375.0061873434,0
565563.6112155389,0
565752.2162437344,0
565940.8212719299,0
566129.4263001253,0
566318.0313283209,0
566506.6363565163,0
566695.2413847118,0
566883.8464129074,0
567072.4514411028,0
567261.0564692983,0
567449.6614974937,0
567638.2665256893,0
567826.8715538847,0
568015.4765820802,0
568204.0816102757,0
568392.6866384712,0
568581.2916666667,0
568769.8966948622,0
568958.5017230577,0
569147.1067512531,0
569335.7117794487,0
569524.3168076441,0
569712.9218358396,0
569901.5268640352,0
570090.1318922306,0
570278.7369204261,0
570467.3419486216,0
570655.9469768171,0
570844.5520050125,0
571033.1570332081,0
571221.7620614035,0
571410.367089599,0
571598.9721177946,0
571787.57714599,0
571976.1821741855,0
572164.787202381,0
572353.3922305765,0
572541.9972587719,0
572730.6022869674,0
572919.207315163,0
573107.8123433584,0
573296.417371554,0
573485.0223997494,0
573673.6274279449,0
573862.2324561403,0
574050.8374843359,0
574239.4425125314,0
574428.0475407268,0
574616.6525689224,0
574805.2575971178,0
574993.8626253133,0
575182.4676535088,0
575371.0726817043,0
575559.6777098997,0
575748.2827380953,0
575936.8877662908,0
576125.4927944862,0
576314.0978226818,0
576502.7028508772,0
576691.3078790727,0
576879.9129072682,0
577068.5179354637,0
577257.1229636592,0
577445.7279918547,0
577634.3330200502,0
577822.9380482456,0
578011.5430764412,0
578200.1481046366,0
578388.7531328321,0
578577.3581610275,0
578765.9631892231,0
578954.5682174186,0
579143.173245614,0
579331.7782738096,0
579520.383302005,0
579708.9883302005,0
579897.593358396,0
580086.1983865915,0
580274.803414787,0
580463.4084429825,0
580652.013471178,0
580840.6184993734,0
581029.223527569,0
581217.8285557644,0
581406.4335839599,0
581595.0386121555,0
581783.6436403509,0
581972.2486685464,0
582160.8536967419,0
582349.4587249374,0
582538.0637531328,0
582726.6687813284,0
582915.2738095238,0
583103.8788377193,0
583292.4838659149,0
583481.0888941103,0
583669.6939223058,0
583858.2989505013,0
584046.9039786968,0
584235.5090068922,0
584424.1140350878,0
584612.7190632833,0
584801.3240914787,0
584989.9291196743,0
585178.5341478697,0
585367.1391760652,0
585555.7442042606,0
585744.3492324562,0
585932.9542606516,0
586121.5592888471,0
586310.1643170427,0
586498.7693452381,0
586687.3743734336,0
586875.9794016291,0
587064.5844298246,0
587253.18945802,0
587441.7944862156,0
587630.3995144111,0
587819.0045426065,0
588007.6095708021,0
588196.2145989975,0
588384.819627193,0
588573.4246553885,0
588762.029683584,0
588950.6347117795,0
589139.239739975,0
589327.8447681705,0
589516.4497963659,0
589705.0548245615,0
589893.6598527569,0
590082.2648809524,0
590270.8699091478,0
590459.4749373434,0
590648.0799655389,0
590836.6849937344,0
591025.2900219299,0
591213.8950501253,0
591402.5000783209,0
591591.1051065163,0
591779.7101347118,0
591968.3151629074,0
592156.9201911028,0
592345.5252192983,0
592534.1302474937,0
592722.7352756893,0
592911.3403038847,0
593099.9453320802,0
593288.5503602757,0
593477.1553884712,0
593665.7604166667,0
593854.3654448622,0
594042.9704730577,0
594231.5755012531,0
594420.1805294487,0
594608.7855576441,0
594797.3905858396,0
594985.9956140352,0
595174.6006422306,0
595363.2056704261,0
595551.8106986216,0
595740.4157268171,0
595929.0207550125,0
596117.6257832081,0
596306.2308114036,0
596494.835839599,0
596683.4408677946,0
596872.04589599,0
597060.6509241855,0
597249.255952381,0
597437.8609805765,0
597626.4660087719,0
597815.0710369674,0
598003.676065163,0
598192.2810933584,0
598380.886121554,0
598569.4911497494,0
598758.0961779449,0
598946.7012061403,0
599135.3062343359,0
599323.9112625314,0
599512.5162907268,0
599701.1213189224,0
599889.7263471178,0
600078.3313753133,0
600266.9364035088,0
600455.5414317043,0
600644.1464598997,0
600832.7514880953,0
601021.3565162908,0
601209.9615444862,0
601398.5665726818,0
601587.1716008772,0
601775.7766290727,0
601964.3816572682,0
